speakerId,firstName,lastName,party,fraction
11001235,Wolfgang,Kubicki,FDP,FDP
11001938,Dr. Wolfgang,Schäuble,CDU,
11002190,Alterspräsident Dr. Hermann,Otto Solms,FDP,
11003124,Hans-Peter,Friedrich,CSU,CDU/CSU
11003206,Petra,Pau,DIE LINKE.,Die Linke
11003212,Claudia,Roth,BÜNDNIS 90/DIE GRÜNEN,Bündnis 90 / Die Grünen
11003218,Carsten,Schneider,SPD,SPD
11003541,Michael,Grosse-Brömer,CDU,CDU/CSU
11003764,Britta,Haßelmann,BÜNDNIS 90/DIE GRÜNEN,Bündnis 90 / Die Grünen
11003790,Jan,Korte,DIE LINKE.,
11003820,Thomas,Oppermann,SPD,SPD
11004023,Marco,Buschmann,FDP,FDP
11004662,Bernd,Baumann,AfD,AfD
11002733,Michael,Meister,CDU,
11002738,Hans,Michelbach,CSU,CDU/CSU
11003033,Norbert,Barthle,CDU,
11003422,Ingrid,Arndt-Brauer,SPD,SPD
11003493,Kerstin,Andreae,BÜNDNIS 90/DIE GRÜNEN,Bündnis 90 / Die Grünen
11003547,Anja,Hajduk,BÜNDNIS 90/DIE GRÜNEN,Bündnis 90 / Die Grünen
11003628,Ole,Schröder,CDU,
11003646,Antje,Tillmann,CDU,CDU/CSU
11003837,Gerhard,Schick,BÜNDNIS 90/DIE GRÜNEN,Bündnis 90 / Die Grünen
11003856,Florian,Toncar,FDP,FDP
11003858,Alexander,Ulrich,DIE LINKE.,Die Linke
11003870,Brigitte,Zypries,SPD,
11004263,Katharina,Dröge,BÜNDNIS 90/DIE GRÜNEN,Bündnis 90 / Die Grünen
11004289,Metin,Hakverdi,SPD,SPD
11004333,Christian,Kühn,BÜNDNIS 90/DIE GRÜNEN,Bündnis 90 / Die Grünen
11004695,Tino,Chrupalla,AfD,AfD
11004705,Christian,Dürr,FDP,FDP
11004732,Timon,Gremmels,SPD,SPD
11004751,Heiko,Heßenkemper,Plos,AfD
11004778,Stefan,Keuter,AfD,AfD
11004792,Rainer,Kraft,AfD,AfD
11004817,Fabio,De Masi,DIE LINKE.,Die Linke
11004824,Falko,Mohrs,SPD,SPD
11004832,Sepp,Müller,CDU,CDU/CSU
11004857,Filiz,Polat,BÜNDNIS 90/DIE GRÜNEN,Bündnis 90 / Die Grünen
11004902,Bettina,Stark-Watzinger,FDP,FDP
11004912,Hermann-Josef,Tebroke,CDU,CDU/CSU
11004921,Markus,Töns,SPD,SPD
11004932,Harald,Weyel,AfD,AfD
11002003,Christian,Schmidt,CSU,CDU/CSU
11002765,Norbert,Röttgen,CDU,CDU/CSU
11003197,Kersten,Steinke,DIE LINKE.,Die Linke
11003746,Sevim,Dağdelen,DIE LINKE.,Die Linke
11003753,Klaus,Ernst,DIE LINKE.,Die Linke
11003756,Kai,Gehring,BÜNDNIS 90/DIE GRÜNEN,Bündnis 90 / Die Grünen
11003792,Sylvia,Kotting-Uhl,BÜNDNIS 90/DIE GRÜNEN,Bündnis 90 / Die Grünen
11003881,Omid,Nouripour,BÜNDNIS 90/DIE GRÜNEN,Bündnis 90 / Die Grünen
11004041,Nicole,Gohlke,DIE LINKE.,Die Linke
11004050,Jürgen,Hardt,CDU,CDU/CSU
11004124,Aydan,Özoğuz,SPD,SPD
11004150,Stefan,Schwartze,SPD,SPD
11004182,Johann David,Wadephul,CDU,CDU/CSU
11004222,Manfred,Todtenhausen,FDP,FDP
11004229,Hagen,Reinhold,FDP,FDP
11004241,Stephan,Albani,CDU,CDU/CSU
11004256,Karl-Heinz,Brunner,SPD,SPD
11004323,Anja,Karliczek,CDU,CDU/CSU
11004324,Kerstin,Kassner,DIE LINKE.,Die Linke
11004390,Corinna,Rüffer,BÜNDNIS 90/DIE GRÜNEN,Bündnis 90 / Die Grünen
11004397,Udo,Schiefner,SPD,SPD
11004441,Marian,Wendt,CDU,CDU/CSU
11004688,Birke,Bull-Bischoff,DIE LINKE.,Die Linke
11004694,Anna,Christmann,BÜNDNIS 90/DIE GRÜNEN,Bündnis 90 / Die Grünen
11004710,Wiebke,Esdar,SPD,SPD
11004711,Michael,Espendiller,AfD,AfD
11004722,Götz,Frömming,AfD,AfD
11004735,Armin-Paulus,Hampel,AfD,AfD
11004740,Martin,Hebner,AfD,AfD
11004744,Marc,Henrichmann,CDU,CDU/CSU
11004764,Johannes,Huber,AfD,
11004798,Alexander Graf,Lambsdorff,FDP,
11004806,Bernhard,Loos,CSU,CDU/CSU
11004809,Heiko,Maas,SPD,
11004812,Lothar,Maier,AfD,AfD
11004819,Pascal,Meiser,DIE LINKE.,Die Linke
11004822,Mario,Mieruch,LKR,
11004826,Siemtje,Möller,SPD,SPD
11004845,Josef,Oster,CDU,CDU/CSU
11004876,Nils,Schmid,SPD,SPD
11004898,Detlev,Spangenberg,AfD,AfD
11001023,Ulla,Jelpke,DIE LINKE.,Die Linke
11003034,Dietmar,Bartsch,DIE LINKE.,Die Linke
11003050,Lothar,Binding,SPD,SPD
11003132,Katrin,Göring-Eckardt,BÜNDNIS 90/DIE GRÜNEN,Bündnis 90 / Die Grünen
11003196,Andrea,Nahles,SPD,SPD
11003213,Michael,Roth,SPD,
11003255,Peter,Weiß,CDU,CDU/CSU
11003440,Kerstin,Griese,SPD,SPD
11003512,Marco,Bülow,Die PARTEI,
11003516,Alexander,Dobrindt,CSU,CDU/CSU
11003556,Gabriele,Hiller-Ohm,SPD,SPD
11003574,Günter,Krings,CDU,
11003578,Markus,Kurth,BÜNDNIS 90/DIE GRÜNEN,Bündnis 90 / Die Grünen
11003715,Lars,Klingbeil,SPD,SPD
11003763,Heike,Hänsel,DIE LINKE.,Die Linke
11003797,Karl,Lauterbach,SPD,
11003802,Michael Georg,Link,FDP,FDP
11003804,Katja,Mast,SPD,SPD
11003815,Carsten,Müller,CDU,CDU/CSU
11003865,Elisabeth,Winkelmeier-Becker,CDU,
11004004,Peter,Aumer,CSU,CDU/CSU
11004012,Matthias W.,Birkwald,DIE LINKE.,Die Linke
11004021,Ralph,Brinkhaus,CDU,CDU/CSU
11004034,Michael,Frieser,CSU,CDU/CSU
11004063,Oliver,Kaczmarek,SPD,SPD
11004065,Stefan,Kaufmann,CDU,CDU/CSU
11004073,Axel,Knoerig,CDU,CDU/CSU
11004075,Pascal,Kober,FDP,FDP
11004097,Christian,Lindner,FDP,FDP
11004104,Karin,Maag,CDU,CDU/CSU
11004106,Agnieszka,Brugger,BÜNDNIS 90/DIE GRÜNEN,Bündnis 90 / Die Grünen
11004107,Hans-Georg,von der Marwitz,CDU,CDU/CSU
11004110,Mathias,Middelberg,CDU,CDU/CSU
11004114,Niema,Movassat,DIE LINKE.,Die Linke
11004117,Beate,Müller-Gemmeke,BÜNDNIS 90/DIE GRÜNEN,Bündnis 90 / Die Grünen
11004123,Konstantin,von Notz,BÜNDNIS 90/DIE GRÜNEN,Bündnis 90 / Die Grünen
11004169,Stephan,Stracke,CSU,CDU/CSU
11004192,Matthias,Zimmer,CDU,CDU/CSU
11004221,Beate,Walter-Rosenheimer,BÜNDNIS 90/DIE GRÜNEN,Bündnis 90 / Die Grünen
11004247,Katarina,Barley,SPD,SPD
11004248,Matthias,Bartke,SPD,SPD
11004255,Franziska,Brantner,BÜNDNIS 90/DIE GRÜNEN,Bündnis 90 / Die Grünen
11004257,Lars,Castellucci,SPD,SPD
11004264,Hansjörg,Durz,CSU,CDU/CSU
11004267,Saskia,Esken,SPD,SPD
11004270,Johannes,Fechner,SPD,SPD
11004276,Thorsten,Frei,CDU,CDU/CSU
11004280,Ursula,Groden-Kranich,CDU,CDU/CSU
11004295,Dirk,Heidenblut,SPD,SPD
11004304,Alexander,Hoffmann,CSU,CDU/CSU
11004321,Ralf,Kapschack,SPD,SPD
11004325,Gabriele,Katzmarek,SPD,SPD
11004352,Jan,Metzler,CDU,CDU/CSU
11004365,Wilfried,Oellers,CDU,CDU/CSU
11004383,Alexander,Radwan,CSU,CDU/CSU
11004386,Daniela,De Ridder,SPD,SPD
11004389,Martin,Rosemann,SPD,SPD
11004398,Jana,Schimke,CDU,CDU/CSU
11004410,Rainer,Spiering,SPD,SPD
11004427,Volker,Ullrich,CSU,CDU/CSU
11004443,Kai,Whittaker,CDU,CDU/CSU
11004605,Christian,Petry,SPD,SPD
11004614,Angelika,Glöckner,SPD,SPD
11004617,Ronja,Kemmer,CDU,CDU/CSU
11004653,Gökay,Akbulut,DIE LINKE.,Die Linke
11004665,Canan,Bayram,BÜNDNIS 90/DIE GRÜNEN,Bündnis 90 / Die Grünen
11004666,Jens,Beeck,FDP,FDP
11004676,Jens,Brandenburg,FDP,FDP
11004678,Stephan,Brandner,AfD,AfD
11004696,Joana,Cotar,AfD,AfD
11004697,Carl-Julius,Cronenberg,FDP,FDP
11004698,Gottfried,Curio,AfD,AfD
11004703,Anke,Domscheit-Berg,Plos,Die Linke
11004714,Peter,Felser,AfD,AfD
11004715,Susanne,Ferschl,DIE LINKE.,Die Linke
11004724,Alexander,Gauland,AfD,AfD
11004727,Albrecht,Glaser,AfD,AfD
11004738,Roland,Hartwig,AfD,
11004741,Thomas,Heilmann,CDU,CDU/CSU
11004761,Leif-Erik,Holm,AfD,AfD
11004763,Reinhard,Houben,FDP,FDP
11004765,Ulla,Ihnen,FDP,FDP
11004767,Fabian,Jacobi,AfD,AfD
11004770,Ingmar,Jung,CDU,CDU/CSU
11004772,Uwe,Kamann,Plos,
11004781,Norbert,Kleinwächter,AfD,AfD
11004802,Helge,Lindh,SPD,SPD
11004811,Jens,Maier,AfD,
11004815,Till,Mansmann,FDP,FDP
11004829,Axel,Müller,CDU,CDU/CSU
11004836,Sebastian,Münzenmaier,AfD,AfD
11004848,Sören,Pellmann,DIE LINKE.,Die Linke
11004852,Tobias,Pflüger,DIE LINKE.,Die Linke
11004866,Manuela,Rottmann,BÜNDNIS 90/DIE GRÜNEN,Bündnis 90 / Die Grünen
11004873,Ulrike,Schielke-Ziesing,AfD,AfD
11004880,Jörg,Schneider,AfD,AfD
11004891,Thomas,Seitz,AfD,AfD
11004892,Martin,Sichert,AfD,AfD
11004900,René,Springer,AfD,AfD
11004901,Katrin,Staffler,CSU,CDU/CSU
11004907,Friedrich,Straetmanns,DIE LINKE.,Die Linke
11004908,Benjamin,Strasser,FDP,
11004910,Katja,Suding,FDP,FDP
11004913,Linda,Teuteberg,FDP,FDP
11004917,Alexander,Throm,CDU,CDU/CSU
11004922,Andrew,Ullmann,FDP,FDP
11004926,Christoph,de Vries,CDU,CDU/CSU
11004930,Alice,Weidel,AfD,AfD
11004936,Christian,Wirth,AfD,AfD
11004937,Uwe,Witt,AfD,AfD
11004942,Marja-Liisa,Völlers,SPD,SPD
11000365,Diether,Dehm,DIE LINKE.,Die Linke
11003168,Christian,Lange,SPD,SPD
11003264,Klaus-Peter,Willsch,CDU,CDU/CSU
11003612,Florian,Pronold,SPD,
11003613,Daniela,Ludwig,CSU,CDU/CSU
11003636,Thomas,Silberhorn,CSU,
11003706,Artur,Auernhammer,CSU,CDU/CSU
11003732,Niels,Annen,SPD,
11003772,Anton,Hofreiter,BÜNDNIS 90/DIE GRÜNEN,Bündnis 90 / Die Grünen
11003846,Frank,Schwabe,SPD,SPD
11004017,Norbert,Brackmann,CDU,CDU/CSU
11004029,Bijan,Djir-Sarai,FDP,FDP
11004060,Andrej,Hunko,DIE LINKE.,Die Linke
11004067,Katja,Keul,BÜNDNIS 90/DIE GRÜNEN,Bündnis 90 / Die Grünen
11004068,Roderich,Kiesewetter,CDU,CDU/CSU
11004083,Rüdiger,Kruse,CDU,CDU/CSU
11004091,Ralph,Lenkert,DIE LINKE.,Die Linke
11004145,Frithjof,Schmidt,BÜNDNIS 90/DIE GRÜNEN,Bündnis 90 / Die Grünen
11004149,Armin,Schuster,CDU,CDU/CSU
11004175,Stephan,Thomae,FDP,FDP
11004181,Kathrin,Vogler,DIE LINKE.,Die Linke
11004217,Tobias,Lindner,BÜNDNIS 90/DIE GRÜNEN,Bündnis 90 / Die Grünen
11004271,Uwe,Feiler,CDU,CDU/CSU
11004288,André,Hahn,DIE LINKE.,Die Linke
11004317,Frank,Junge,SPD,SPD
11004348,Gisela,Manderla,CDU,CDU/CSU
11004349,Matern,von Marschall,CDU,CDU/CSU
11004353,Irene,Mihalic,BÜNDNIS 90/DIE GRÜNEN,Bündnis 90 / Die Grünen
11004355,Susanne,Mittag,SPD,SPD
11004362,Andreas,Nick,CDU,CDU/CSU
11004363,Ulli,Nissen,SPD,SPD
11004372,Martin,Patzelt,CDU,CDU/CSU
11004393,Johann,Saathoff,SPD,SPD
11004416,Peter,Stein,CDU,CDU/CSU
11004424,Michael,Thews,SPD,SPD
11004435,Kees,de Vries,CDU,CDU/CSU
11004651,Doris,Achelwilm,DIE LINKE.,Die Linke
11004656,Philipp,Amthor,CDU,CDU/CSU
11004670,Melanie,Bernstein,CDU,CDU/CSU
11004680,Jürgen,Braun,AfD,AfD
11004682,Sebastian,Brehm,CSU,CDU/CSU
11004683,Leni,Breymaier,SPD,SPD
11004692,Petr,Bystron,AfD,AfD
11004699,Astrid,Damerow,CDU,CDU/CSU
11004730,Wilhelm,von Gottberg,AfD,AfD
11004748,Lars,Herrmann,Plos,
11004749,Martin,Hess,AfD,AfD
11004753,Nicole,Höchst,AfD,AfD
11004754,Gero Clemens,Hocker,FDP,FDP
11004756,Bettina,Hoffmann,BÜNDNIS 90/DIE GRÜNEN,Bündnis 90 / Die Grünen
11004766,Hans-Jürgen,Irmer,CDU,CDU/CSU
11004786,Lukas,Köhler,FDP,FDP
11004787,Enrico,Komning,AfD,AfD
11004796,Konstantin Elias,Kuhle,FDP,FDP
11004801,Sven,Lehmann,BÜNDNIS 90/DIE GRÜNEN,Bündnis 90 / Die Grünen
11004813,Birgit,Malsack-Winkemann,AfD,AfD
11004830,Claudia,Müller,BÜNDNIS 90/DIE GRÜNEN,Bündnis 90 / Die Grünen
11004843,Ulrich,Oehme,AfD,AfD
11004864,Bernd,Reuther,FDP,FDP
11004878,Uwe,Schmidt,SPD,SPD
11004905,Beatrix,von Storch,AfD,AfD
11004923,Gerald,Ullrich,FDP,FDP
11004929,Sandra,Weeser,FDP,FDP
11004935,Heiko,Wildberg,AfD,AfD
11004941,Gyde,Jensen,FDP,FDP
11002742,Gerd,Müller,CSU,
11003650,Volkmar,Vogel,CDU,CDU/CSU
11004066,Uwe,Kekeritz,BÜNDNIS 90/DIE GRÜNEN,Bündnis 90 / Die Grünen
11004081,Oliver,Krischer,BÜNDNIS 90/DIE GRÜNEN,Bündnis 90 / Die Grünen
11004354,Klaus,Mindrup,SPD,SPD
11004426,Carsten,Träger,SPD,SPD
11004440,Anja,Weisgerber,CSU,CDU/CSU
11004659,Lisa,Badum,BÜNDNIS 90/DIE GRÜNEN,Bündnis 90 / Die Grünen
11004667,Olaf in der,Beek,FDP,FDP
11004672,Lorenz Gösta,Beutin,DIE LINKE.,Die Linke
11004719,Dietmar,Friedhoff,AfD,AfD
11004721,Markus,Frohnmaier,AfD,AfD
11004752,Karsten,Hilse,AfD,AfD
11004854,Christoph,Ploß,CDU,CDU/CSU
11004882,Eva-Maria,Schreiber,DIE LINKE.,Die Linke
11004894,Frank,Sitta,FDP,FDP
11004897,Helin Evrim,Sommer,DIE LINKE.,
11004899,Dirk,Spaniel,AfD,AfD
11003246,Jürgen,Trittin,BÜNDNIS 90/DIE GRÜNEN,Bündnis 90 / Die Grünen
11003514,Gitta,Connemann,CDU,CDU/CSU
11003530,Otto,Fricke,FDP,FDP
11003544,Olav,Gutting,CDU,CDU/CSU
11003584,Gesine,Lötzsch,DIE LINKE.,Die Linke
11003608,Joachim,Pfeiffer,CDU,CDU/CSU
11003631,Uwe,Schummer,CDU,CDU/CSU
11003638,Jens,Spahn,CDU,
11003782,Josip,Juratovic,SPD,SPD
11003789,Jens,Koeppen,CDU,CDU/CSU
11003821,Henning,Otte,CDU,CDU/CSU
11003826,Eckhardt,Rehberg,CDU,CDU/CSU
11003869,Sabine,Zimmermann,DIE LINKE.,Die Linke
11003890,Christian,Hirte,CDU,CDU/CSU
11004003,Christine,Aschenberg-Dugnus,FDP,FDP
11004010,Peter,Beyer,CDU,CDU/CSU
11004018,Reinhard,Brandl,CSU,CDU/CSU
11004030,Katja,Dörner,BÜNDNIS 90/DIE GRÜNEN,Bündnis 90 / Die Grünen
11004039,Michael,Gerdes,SPD,SPD
11004057,Manuel,Höferlin,FDP,FDP
11004059,Karl,Holmeier,CSU,CDU/CSU
11004093,Stefan,Liebich,DIE LINKE.,Die Linke
11004105,Thomas,de Maizière,CDU,CDU/CSU
11004120,Martin,Neumann,FDP,FDP
11004164,Sonja Amalie,Steffen,SPD,SPD
11004250,Maik,Beermann,CDU,CDU/CSU
11004282,Uli,Grötsch,SPD,SPD
11004287,Rita,Hagl-Kehl,SPD,
11004298,Mark,Helfrich,CDU,CDU/CSU
11004303,Thomas,Hitschler,SPD,SPD
11004328,Cansel,Kiziltepe,SPD,SPD
11004339,Andreas,Lenz,CSU,CDU/CSU
11004357,Elisabeth,Motschmann,CDU,CDU/CSU
11004361,Alexander S.,Neu,DIE LINKE.,Die Linke
11004384,Alois,Rainer,CSU,CDU/CSU
11004391,Susann,Rüthrich,SPD,SPD
11004396,Nina,Scheer,SPD,SPD
11004401,Dagmar,Schmidt,SPD,SPD
11004405,Kordula,Schulz-Asche,BÜNDNIS 90/DIE GRÜNEN,Bündnis 90 / Die Grünen
11004406,Klaus-Peter,Schulze,CDU,CDU/CSU
11004407,Andreas,Schwarz,SPD,SPD
11004417,Sebastian,Steineke,CDU,CDU/CSU
11004418,Johannes,Steiniger,CDU,CDU/CSU
11004429,Julia,Verlinden,BÜNDNIS 90/DIE GRÜNEN,Bündnis 90 / Die Grünen
11004438,Gabi,Weber,SPD,SPD
11004452,Emmi,Zeulner,CSU,CDU/CSU
11004613,Norbert,Müller,DIE LINKE.,Die Linke
11004654,Renata,Alt,FDP,FDP
11004663,Margarete,Bause,BÜNDNIS 90/DIE GRÜNEN,Bündnis 90 / Die Grünen
11004671,Christoph,Bernstiel,CDU,CDU/CSU
11004674,Andreas,Bleck,AfD,AfD
11004675,Peter,Boehringer,AfD,AfD
11004686,Katrin,Budde,SPD,SPD
11004693,Jörg,Cezanne,DIE LINKE.,Die Linke
11004701,Esther,Dilcher,SPD,SPD
11004707,Thomas,Ehrhorn,AfD,AfD
11004723,Sylvia,Gabelmann,DIE LINKE.,Die Linke
11004731,Kay,Gottschalk,AfD,AfD
11004734,Thomas,Hacker,FDP,FDP
11004736,Mariana Iris,Harder-Kühnel,AfD,AfD
11004745,Markus,Herbrand,FDP,FDP
11004759,Matthias,Höhn,DIE LINKE.,Die Linke
11004760,Bruno,Hollnagel,Plos,AfD
11004762,Ottmar,von Holtz,BÜNDNIS 90/DIE GRÜNEN,Bündnis 90 / Die Grünen
11004768,Marc,Jongen,AfD,AfD
11004773,Kirsten,Kappert-Gonther,BÜNDNIS 90/DIE GRÜNEN,Bündnis 90 / Die Grünen
11004777,Jens,Kestner,AfD,AfD
11004791,Steffen,Kotré,AfD,AfD
11004805,Nikolas,Löbel,Plos,CDU/CSU
11004807,Rüdiger,Lucassen,AfD,AfD
11004841,Petra,Nicolaisen,CDU,CDU/CSU
11004842,Jan Ralf,Nolte,AfD,
11004884,Michael,Schrodi,SPD,SPD
11004888,Uwe,Schulz,AfD,AfD
11004890,Matthias,Seestern-Pauly,FDP,FDP
11004906,Marie-Agnes,Strack-Zimmermann,FDP,FDP
11004909,Margit,Stumpp,BÜNDNIS 90/DIE GRÜNEN,Bündnis 90 / Die Grünen
11004924,Kerstin,Vieregge,CDU,CDU/CSU
11002812,Max,Straubinger,CSU,CDU/CSU
11003259,Annette,Widmann-Mauz,CDU,CDU/CSU
11003714,Monika,Lazar,BÜNDNIS 90/DIE GRÜNEN,Bündnis 90 / Die Grünen
11003816,Detlef,Müller,SPD,SPD
11003888,Wolfgang,Strengmann-Kuhn,BÜNDNIS 90/DIE GRÜNEN,Bündnis 90 / Die Grünen
11003896,Eva,Högl,SPD,SPD
11004054,Frank,Heinrich,CDU,CDU/CSU
11004079,Daniela,Kolbe,SPD,SPD
11004173,Kerstin,Tack,SPD,SPD
11004179,Johannes,Vogel,FDP,FDP
11004259,Karamba,Diaby,SPD,SPD
11004341,Antje,Lezius,CDU,CDU/CSU
11004342,Andrea,Lindholz,CSU,CDU/CSU
11004381,Martin,Rabanus,SPD,SPD
11004439,Albert,Weiler,CDU,CDU/CSU
11004673,Marc,Biadacz,CDU,CDU/CSU
11004774,Torbjörn,Kartes,CDU,CDU/CSU
11004816,Jürgen,Martens,FDP,FDP
11004834,Frank,Müller-Rosentritt,FDP,FDP
11004853,Stephan,Pilsinger,CSU,CDU/CSU
11004859,Martin,Reichardt,AfD,AfD
11004862,Martin Erwin,Renner,AfD,AfD
11004914,Michael,Theurer,FDP,FDP
11004918,Dietlind,Tiemann,CDU,CDU/CSU
11004934,Bettina Margarethe,Wiesmann,CDU,CDU/CSU
11001478,Angela,Merkel,CDU,
11003199,Dietmar,Nietan,SPD,SPD
11003588,Hilde,Mattheis,SPD,SPD
11003602,Georg,Nüßlein,Plos,CDU/CSU
11003625,Andreas,Scheuer,CSU,
11003848,Petra,Sitte,DIE LINKE.,Die Linke
11004061,Thomas,Jarzombek,CDU,CDU/CSU
11004101,Kirsten,Lühmann,SPD,SPD
11004102,Oliver,Luksic,FDP,FDP
11004215,Harald,Ebner,BÜNDNIS 90/DIE GRÜNEN,Bündnis 90 / Die Grünen
11004245,Annalena,Baerbock,BÜNDNIS 90/DIE GRÜNEN,
11004261,Sabine,Dittmar,SPD,
11004337,Katja,Leikert,CDU,CDU/CSU
11004409,Tino,Sorge,CDU,CDU/CSU
11004820,Christoph,Meyer,FDP,FDP
11004849,Victor,Perli,DIE LINKE.,Die Linke
11004850,Tobias Matthias,Peterka,AfD,AfD
11004855,Paul Viktor,Podolay,AfD,AfD
11004879,Claudia,Schmidtke,CDU,CDU/CSU
11004886,Martin,Schulz,SPD,SPD
11004933,Wolfgang,Wiehle,AfD,AfD
11002280,Michael,Stübgen,CDU,
11003148,Gustav,Herzog,SPD,SPD
11003167,Christine,Lambrecht,SPD,
11003211,Ernst Dieter,Rossmann,SPD,SPD
11003248,Arnold,Vaatz,CDU,CDU/CSU
11003525,Enak,Ferlemann,CDU,
11003545,Bettina,Hagedorn,SPD,SPD
11003589,Stephan,Mayer,CSU,
11003604,Friedrich,Ostendorff,BÜNDNIS 90/DIE GRÜNEN,Bündnis 90 / Die Grünen
11003742,Michael,Brand,CDU,CDU/CSU
11003755,Sigmar,Gabriel,SPD,SPD
11003780,Andreas,Jung,CDU,CDU/CSU
11003799,Paul,Lehrieder,CSU,CDU/CSU
11003838,Marianne,Schieder,SPD,SPD
11004056,Ansgar,Heveling,CDU,CDU/CSU
11004087,Ulrich,Lange,CSU,CDU/CSU
11004089,Sabine,Leidig,DIE LINKE.,Die Linke
11004103,Thomas,Lutze,DIE LINKE.,Die Linke
11004127,Lisa,Paus,BÜNDNIS 90/DIE GRÜNEN,Bündnis 90 / Die Grünen
11004131,Eckhard,Pols,CDU,CDU/CSU
11004138,Tabea,Rößner,BÜNDNIS 90/DIE GRÜNEN,Bündnis 90 / Die Grünen
11004146,Patrick,Schnieder,CDU,CDU/CSU
11004178,Markus,Tressel,BÜNDNIS 90/DIE GRÜNEN,Bündnis 90 / Die Grünen
11004184,Daniela,Wagner,BÜNDNIS 90/DIE GRÜNEN,Bündnis 90 / Die Grünen
11004258,Bernhard,Daldrup,SPD,SPD
11004262,Michael,Donth,CDU,CDU/CSU
11004278,Matthias,Gastel,BÜNDNIS 90/DIE GRÜNEN,Bündnis 90 / Die Grünen
11004285,Fritz,Güntzler,CDU,CDU/CSU
11004286,Christian,Haase,CDU,CDU/CSU
11004293,Mark,Hauptmann,CDU,CDU/CSU
11004302,Heribert,Hirte,CDU,CDU/CSU
11004379,Florian,Post,SPD,SPD
11004385,Martina,Renner,DIE LINKE.,Die Linke
11004413,Martina,Stamm-Fibich,SPD,SPD
11004603,Jens,Zimmermann,SPD,SPD
11004645,Markus,Uhl,CDU,CDU/CSU
11004660,Simone,Barrientos,DIE LINKE.,Die Linke
11004668,Nicola,Beer,FDP,FDP
11004713,Yasmin,Fahimi,SPD,SPD
11004726,Stefan,Gelbhaar,BÜNDNIS 90/DIE GRÜNEN,Bündnis 90 / Die Grünen
11004733,Erhard,Grundl,BÜNDNIS 90/DIE GRÜNEN,Bündnis 90 / Die Grünen
11004746,Torsten,Herbst,FDP,FDP
11004750,Katja,Hessel,FDP,FDP
11004757,Christoph,Hoffmann,FDP,FDP
11004775,Thomas L.,Kemmerich,FDP,FDP
11004784,Daniela,Kluckert,FDP,FDP
11004790,Elvan,Korkmaz,SPD,SPD
11004795,Michael,Kuffer,CSU,CDU/CSU
11004810,Frank,Magnitz,AfD,AfD
11004821,Corinna,Miazga,AfD,AfD
11004833,Roman,Müller-Böhm,FDP,FDP
11004856,Jürgen,Pohl,AfD,AfD
11004858,Stephan,Protschka,AfD,AfD
11004869,Thomas,Sattelberger,FDP,FDP
11004877,Stefan,Schmidt,BÜNDNIS 90/DIE GRÜNEN,Bündnis 90 / Die Grünen
11004885,Manja,Schüle,SPD,SPD
11002667,Manfred,Grund,CDU,CDU/CSU
11003655,Marco,Wanderwitz,CDU,
11003740,Heidrun,Bluhm,DIE LINKE.,Die Linke
11003796,Andreas G.,Lämmel,CDU,CDU/CSU
11003889,Manuel,Sarrazin,BÜNDNIS 90/DIE GRÜNEN,Bündnis 90 / Die Grünen
11004019,Heike,Brehmer,CDU,CDU/CSU
11004046,Astrid,Grotelüschen,CDU,CDU/CSU
11004048,Florian,Hahn,CSU,CDU/CSU
11004272,Fritz,Felgentreu,SPD,SPD
11004356,Karsten,Möring,CDU,CDU/CSU
11004368,Mahmut,Özdemir,SPD,SPD
11004377,Sabine,Poschmann,SPD,SPD
11004664,Danyal,Bayaz,BÜNDNIS 90/DIE GRÜNEN,Bündnis 90 / Die Grünen
11004706,Hartmut,Ebbing,FDP,FDP
11004708,Berengar Elsner von,Gronow,AfD,AfD
11004716,Daniel,Föst,FDP,FDP
11004728,Franziska,Gminder,AfD,AfD
11004729,Eckhard,Gnodtke,CDU,CDU/CSU
11004743,Udo Theodor,Hemmelgarn,AfD,AfD
11004771,Elisabeth,Kaiser,SPD,SPD
11004863,Roman Johannes,Reusch,AfD,AfD
11004871,Christian,Sauter,FDP,FDP
11004946,Gerhard,Zickenheiner,BÜNDNIS 90/DIE GRÜNEN,Bündnis 90 / Die Grünen
11003599,Rolf,Mützenich,SPD,SPD
11001434,Christoph,Matschie,SPD,SPD
11002655,Dagmar,Freitag,SPD,SPD
11003157,Johannes,Kahrs,SPD,SPD
11003786,Katja,Kipping,DIE LINKE.,Die Linke
11003861,Marcus,Weinberg,CDU,CDU/CSU
11004049,Stephan,Harbarth,CDU,CDU/CSU
11004055,Rudolf,Henke,CDU,CDU/CSU
11004072,Maria,Klein-Schmeink,BÜNDNIS 90/DIE GRÜNEN,Bündnis 90 / Die Grünen
11004080,Jutta,Krellmann,DIE LINKE.,Die Linke
11004099,Burkhard,Lischka,SPD,SPD
11004140,Stefan,Ruppert,FDP,FDP
11004163,Frank,Steffel,CDU,CDU/CSU
11004188,Katrin,Werner,DIE LINKE.,Die Linke
11004243,Luise,Amtsberg,BÜNDNIS 90/DIE GRÜNEN,Bündnis 90 / Die Grünen
11004311,Erich,Irlstorfer,CSU,CDU/CSU
11004334,Roy,Kühne,CDU,CDU/CSU
11004448,Gülistan,Yüksel,SPD,SPD
11004709,Thomas,Erndl,CSU,CDU/CSU
11004720,Anton,Friesen,AfD,AfD
11004851,Frauke,Petry,Plos,
11002617,Peter,Altmaier,CDU,
11003152,Martin,Hohmann,AfD,AfD
11003231,Olaf,Scholz,SPD,SPD
11003566,Julia,Klöckner,CDU,
11003809,Matthias,Miersch,SPD,SPD
11004036,Ingo,Gädechens,CDU,CDU/CSU
11004070,Sven-Christian,Kindler,BÜNDNIS 90/DIE GRÜNEN,Bündnis 90 / Die Grünen
11004098,Carsten,Linnemann,CDU,CDU/CSU
11004108,Andreas,Mattfeldt,CDU,CDU/CSU
11004143,Tankred,Schipanski,CDU,CDU/CSU
11004269,Hermann,Färber,CDU,CDU/CSU
11004318,Thomas,Jurk,SPD,SPD
11004404,Ursula,Schulte,SPD,SPD
11004415,Albert,Stegemann,CDU,CDU/CSU
11004442,Bernd,Westphal,SPD,SPD
11004444,Dirk,Wiese,SPD,SPD
11004449,Hubertus,Zdebel,DIE LINKE.,Die Linke
11004669,Marc,Bernhard,AfD,AfD
11004780,Karsten,Klein,FDP,FDP
11004823,Amira Mohamed,Ali,DIE LINKE.,Die Linke
11004831,Hansjörg,Müller,AfD,AfD
11004835,Volker,Münz,AfD,AfD
11004947,Nezahat,Baradari,SPD,SPD
11004949,Isabel,Mackensen,SPD,SPD
11001074,Volker,Kauder,CDU,CDU/CSU
11003068,Ekin,Deligöz,BÜNDNIS 90/DIE GRÜNEN,Bündnis 90 / Die Grünen
11003582,Patricia,Lips,CDU,CDU/CSU
11003614,Sascha,Raabe,SPD,SPD
11003761,Monika,Grütters,CDU,
11003784,Alois,Karl,CSU,CDU/CSU
11003800,Michael,Leutert,DIE LINKE.,Die Linke
11004071,Volkmar,Klein,CDU,CDU/CSU
11004191,Dagmar,Ziegler,SPD,SPD
11004312,Dieter,Janecek,BÜNDNIS 90/DIE GRÜNEN,Bündnis 90 / Die Grünen
11004332,Carsten,Körber,CDU,CDU/CSU
11004378,Achim,Post,SPD,SPD
11004388,Dennis,Rohde,SPD,SPD
11004414,Wolfgang,Stefinger,CSU,CDU/CSU
11004938,Paul,Ziemiak,CDU,CDU/CSU
11002140,Horst,Seehofer,CSU,
11003496,Sören,Bartol,SPD,SPD
11003630,Swen,Schulz,SPD,SPD
11003830,Sönke,Rix,SPD,SPD
11004153,Reinhold,Sendker,CDU,CDU/CSU
11004246,Ulrike,Bahr,SPD,SPD
11004281,Klaus-Dieter,Gröhler,CDU,CDU/CSU
11004370,Sylvia,Pantel,CDU,CDU/CSU
11004382,Kerstin,Radomski,CDU,CDU/CSU
11004412,Svenja,Stadler,SPD,SPD
11004652,Grigorios,Aggelidis,FDP,FDP
11004655,Norbert Maria,Altenkamp,CDU,CDU/CSU
11004661,Nicole,Bauer,FDP,FDP
11004681,Silvia,Breher,CDU,CDU/CSU
11004687,Marcus,Bühl,AfD,AfD
11004779,Michael,Kießling,CSU,CDU/CSU
11004788,Jörn,König,AfD,AfD
11002666,Hermann,Gröhe,CDU,CDU/CSU
11003118,Axel E.,Fischer,CDU,CDU/CSU
11003142,Hubertus,Heil,SPD,
11004006,Bärbel,Bas,SPD,SPD
11004045,Michael,Groß,SPD,SPD
11004135,Lothar,Riebsamen,CDU,CDU/CSU
11004136,Josef,Rief,CDU,CDU/CSU
11004186,Harald,Weinberg,DIE LINKE.,Die Linke
11004252,André,Berghegger,CDU,CDU/CSU
11004725,Axel,Gehrke,AfD,AfD
11004931,Nicole,Westig,FDP,FDP
11002823,Ute,Vogt,SPD,SPD
11003860,Kai,Wegner,CDU,CDU/CSU
11004040,Alois,Gerig,CDU,CDU/CSU
11004088,Caren,Lay,DIE LINKE.,Die Linke
11004100,Jan-Marco,Luczak,CDU,CDU/CSU
11004183,Sahra,Wagenknecht,DIE LINKE.,Die Linke
11004187,Sabine,Weiss,CDU,CDU/CSU
11004244,Heike,Baehrens,SPD,SPD
11004327,Georg,Kippels,CDU,CDU/CSU
11004346,Yvonne,Magwas,CDU,CDU/CSU
11004358,Bettina,Müller,SPD,SPD
11004454,Pia,Zimmermann,DIE LINKE.,Die Linke
11004704,Siegbert,Droese,AfD,AfD
11004742,Katrin,Helling-Plahr,FDP,FDP
11004814,Astrid,Mannes,CDU,CDU/CSU
11004874,Wieland,Schinnenburg,FDP,FDP
11003551,Michael,Hennrich,CDU,CDU/CSU
11004622,Sarah,Ryglewski,SPD,SPD
11004776,Achim,Kessler,DIE LINKE.,Die Linke
11003510,Helge,Braun,CDU,CDU/CSU
11003542,Markus,Grübel,CDU,CDU/CSU
11004134,Ingrid,Remmers,DIE LINKE.,Die Linke
11004296,Gabriela,Heinrich,SPD,SPD
11002746,Cem,Özdemir,BÜNDNIS 90/DIE GRÜNEN,Bündnis 90 / Die Grünen
11003210,René,Röspel,SPD,SPD
11003643,Gero,Storjohann,CDU,CDU/CSU
11003744,Martin,Burkert,SPD,SPD
11003847,Rita,Schwarzelühr-Sutter,SPD,
11004085,Stephan,Kühn,BÜNDNIS 90/DIE GRÜNEN,Bündnis 90 / Die Grünen
11004116,Nadine,Schön,CDU,CDU/CSU
11004152,Detlef,Seif,CDU,CDU/CSU
11004155,Patrick,Sensburg,CDU,CDU/CSU
11004283,Oliver,Grundmann,CDU,CDU/CSU
11004329,Arno,Klare,SPD,SPD
11004392,Bernd,Rützel,SPD,SPD
11004865,Bernd,Riexinger,DIE LINKE.,Die Linke
11004883,Felix,Schreiner,CDU,CDU/CSU
11004903,Andreas,Steier,CDU,CDU/CSU
11004904,Mathias,Stein,SPD,SPD
11004038,Thomas,Gebhart,CDU,CDU/CSU
11004677,Mario,Brandenburg,FDP,FDP
11002720,Steffi,Lemke,BÜNDNIS 90/DIE GRÜNEN,
11003853,Kirsten,Tackmann,DIE LINKE.,Die Linke
11004011,Steffen,Bilger,CDU,CDU/CSU
11004159,Judith,Skudelny,FDP,FDP
11004291,Sebastian,Hartmann,SPD,SPD
11004366,Florian,Oßner,CSU,CDU/CSU
11004445,Oliver,Wittke,CDU,CDU/CSU
11004690,Karlheinz,Busen,FDP,FDP
11004717,Brigitte,Freihold,DIE LINKE.,Die Linke
11002672,Barbara,Hendricks,SPD,SPD
11002621,Doris,Barnett,SPD,SPD
11003832,Johannes,Röring,CDU,CDU/CSU
11004168,Dieter,Stier,CDU,CDU/CSU
11004277,Astrid,Freudenstein,CSU,CDU/CSU
11004331,Markus,Koob,CDU,CDU/CSU
11004369,Ingrid,Pahlmann,CDU,CDU/CSU
11004827,Andreas,Mrosek,AfD,AfD
11004846,Gerold,Otten,AfD,AfD
11004915,Hans-Jürgen,Thies,CDU,CDU/CSU
11004336,Silke,Launert,CSU,CDU/CSU
11004783,Katharina,Kloke,FDP,FDP
11004889,Torsten,Schweiger,CDU,CDU/CSU
11002798,Johannes,Selle,CDU,CDU/CSU
11004837,Zaklin,Nastic,DIE LINKE.,Die Linke
11004847,Frank,Pasemann,Plos,AfD
11003527,Maria,Flachsbarth,CDU,CDU/CSU
11004033,Edgar,Franke,SPD,SPD
11004292,Matthias,Hauer,CDU,CDU/CSU
11004395,Ulle,Schauws,BÜNDNIS 90/DIE GRÜNEN,Bündnis 90 / Die Grünen
11004799,Ulrich,Lechte,FDP,FDP
11004825,Claudia,Moll,SPD,SPD
11000756,Gregor,Gysi,DIE LINKE.,Die Linke
11002754,Thomas,Rachel,CDU,CDU/CSU
11003572,Michael,Kretschmer,CDU,
11003734,Thomas,Bareiß,CDU,CDU/CSU
11004051,Matthias,Heider,CDU,CDU/CSU
11004139,Erwin,Rüddel,CDU,CDU/CSU
11004174,Peter,Tauber,CDU,
11004387,Andreas,Rimkus,SPD,SPD
11004433,Dirk,Vöpel,SPD,SPD
11004700,Britta Katharina,Dassler,FDP,FDP
11004782,Marcel,Klinge,FDP,FDP
11004793,Alexander,Krauß,CDU,CDU/CSU
11004800,Jens,Lehmann,CDU,CDU/CSU
11004948,Peter,Heidt,FDP,FDP
11000198,Peter,Bleser,CDU,CDU/CSU
11000254,Eberhard,Brecht,SPD,SPD
11004119,Ingrid,Nestle,BÜNDNIS 90/DIE GRÜNEN,Bündnis 90 / Die Grünen
11003576,Renate,Künast,BÜNDNIS 90/DIE GRÜNEN,Bündnis 90 / Die Grünen
11003710,Bärbel,Kofler,SPD,SPD
11004111,Cornelia,Möhring,DIE LINKE.,Die Linke
11004251,Sybille,Benning,CDU,CDU/CSU
11004789,Carina,Konrad,FDP,FDP
11003070,Marie-Luise,Dött,CDU,CDU/CSU
11004769,Christian,Jung,FDP,FDP
11002630,Maria,Böhmer,CDU,
11004844,Josephine,Ortleb,SPD,SPD
11004226,Wolfgang,Hellmich,SPD,SPD
11004870,Stefan,Sauer,CDU,CDU/CSU
11003534,Eberhard,Gienger,CDU,CDU/CSU
11003620,Albert,Rupprecht,CSU,CDU/CSU
11003758,Martin,Gerster,SPD,SPD
11004376,Detlev,Pilger,SPD,SPD
11003834,Frank,Schäffler,FDP,FDP
11003031,Hans-Peter,Bartels,SPD,
11003216,Anita,Schäfer,CDU,CDU/CSU
11004022,Christine,Buchholz,DIE LINKE.,Die Linke
11004828,Alexander,Müller,FDP,FDP
11004839,Christoph,Neumann,AfD,AfD
11004679,Michel,Brandt,DIE LINKE.,Die Linke
11004867,Stefan,Rouenhoff,CDU,CDU/CSU
11004875,Robby,Schlund,AfD,AfD
11004881,Johannes,Schraps,SPD,SPD
11004911,Jessica,Tatti,DIE LINKE.,Die Linke
11003624,Axel,Schäfer,SPD,SPD
11003573,Gunther,Krichbaum,CDU,CDU/CSU
11004113,Dietrich,Monstadt,CDU,CDU/CSU
11004423,Claudia,Tausend,SPD,SPD
11004650,Michael,von Abercron,CDU,CDU/CSU
11004712,Marcus,Faber,FDP,FDP
11002019,Ulla,Schmidt,SPD,SPD
11004371,Markus,Paschke,SPD,SPD
11004927,Andreas,Wagner,DIE LINKE.,Die Linke
11004684,Carsten,Brodesser,CDU,CDU/CSU
11004437,Nina,Warken,CDU,CDU/CSU
11004052,Mechthild,Heil,CDU,CDU/CSU
11004893,Björn,Simon,CDU,CDU/CSU
11004305,Hendrik,Hoppenstedt,CDU,
11004359,Michelle,Müntefering,SPD,
11004739,Jochen,Haug,AfD,AfD
11003501,Veronika,Bellmann,CDU,CDU/CSU
11003023,Annegret,Kramp-Karrenbauer,CDU,
11003645,Michaela,Noll,CDU,CDU/CSU
11001278,Katharina,Landgraf,CDU,CDU/CSU
11004691,Matthias,Büttner,AfD,AfD
11001294,Karl-Josef,Laumann,CDU,
11003825,Mechthild,Rawert,SPD,SPD
11004122,Thomas,Nord,DIE LINKE.,Die Linke
11004450,Tobias,Zech,CSU,CDU/CSU
11004747,Waldemar,Herdt,AfD,AfD
11004737,Verena,Hartmann,Plos,AfD
11003658,Ingo,Wellenreuther,CDU,CDU/CSU
11003162,Anette,Kramme,SPD,
11003586,Dorothee,Bär,CSU,
11004092,Ursula,Leyen,CDU,
11003702,Volker,Wissing,FDP,
11003597,Stefan,Müller,CSU,CDU/CSU
11001772,Peter,Ramsauer,CSU,CDU/CSU
11003055,Ralf,Brauksiepe,CDU,CDU/CSU
11004797,Alexander,Kulitz,FDP,FDP
999990104,Christian,Natterer,,CDU/CSU
11003610,Andreas,Pinkwart,FDP,
11000616,Hans-Joachim,Fuchtel,CDU,
11003587,Caren,Marks,SPD,
999990110,Christopher,Gohl,,FDP
11003639,Christian Freiherr von,Stetten,CDU,CDU/CSU
11004962,Janosch,Dahmen,BÜNDNIS 90/DIE GRÜNEN,Bündnis 90 / Die Grünen
11004951,Charlotte,Schneidewind-Hartnagel,BÜNDNIS 90/DIE GRÜNEN,Bündnis 90 / Die Grünen
11004956,Sandra,Bubendorfer-Licht,FDP,FDP
999990108,Maika,Friemann-Jennert,,CDU/CSU
999990107,Kristina,Nordt,,CDU/CSU
11004268,Bernd,Fabritius,CSU,CDU/CSU
11004957,Bela,Bach,SPD,SPD
11004953,Sylvia,Lehmann,SPD,SPD
11004954,Saskia,Ludwig,CDU,CDU/CSU
11003857,Axel,Troost,DIE LINKE.,Die Linke
11004958,Matthias,Nölke,FDP,FDP
11002718,Armin,Laschet,CDU,
11004950,Joe,Weingarten,SPD,SPD
11003596,Marlene,Mortler,CSU,CDU/CSU
11002716,Karl A.,Lamers,CDU,CDU/CSU
11004275,Ulrich,Freese,SPD,SPD
10000,"Carsten Sieling,",Bürgermeister,,Bremen
11004170,Karin,Strenz,CDU,CDU/CSU
11004428,Oswin,Veith,CDU,CDU/CSU
11003450,Ulrich,Kelber,SPD,SPD
11004148,Jimmy,Schulz,FDP,FDP
11004969,Marcel,Emmerich,BÜNDNIS 90/DIE GRÜNEN,Bündnis 90 / Die Grünen
11005008,Muhanad,Al-Halak,FDP,FDP
11005025,Jakob,Blankenburg,SPD,SPD
11005049,Sonja,Eichwede,SPD,SPD
11005079,Matthias,Helferich,AfD,
11005094,Ann-Veruschka,Jurisch,FDP,FDP
11005095,Lamya,Kaddor,BÜNDNIS 90/DIE GRÜNEN,Bündnis 90 / Die Grünen
11005096,Macit,Karaahmetoğlu,SPD,SPD
11005103,Franziska,Kersten,SPD,SPD
11005132,Helge,Limburg,BÜNDNIS 90/DIE GRÜNEN,Bündnis 90 / Die Grünen
11005211,Daniel,Schneider,SPD,SPD
11005219,Stefan,Seidler,SSW,
11005241,Derya,Türk-Nachbaur,SPD,SPD
11005251,Carmen,Wegge,SPD,SPD
11005255,Stefan,Wenzel,BÜNDNIS 90/DIE GRÜNEN,Bündnis 90 / Die Grünen
11004095,Lars,Lindemann,FDP,FDP
11004639,Jürgen,Coße,SPD,SPD
11005010,Johannes,Arlt,SPD,SPD
11005013,Tobias,Bacherle,BÜNDNIS 90/DIE GRÜNEN,Bündnis 90 / Die Grünen
11005022,Lukas,Benner,BÜNDNIS 90/DIE GRÜNEN,Bündnis 90 / Die Grünen
11005023,Jürgen,Berghahn,SPD,SPD
11005030,Simone,Borchardt,CDU,CDU/CSU
11005031,Dirk,Brandes,AfD,AfD
11005034,Frank,Bsirske,BÜNDNIS 90/DIE GRÜNEN,Bündnis 90 / Die Grünen
11005040,Martin,Diedenhofen,SPD,SPD
11005041,Jan,Dieren,SPD,SPD
11005053,Robert,Farle,AfD,AfD
11005062,Manuel,Gava,SPD,SPD
11005073,Ates,Gürpinar,DIE LINKE.,Die Linke
11005075,Philipp,Hartewig,FDP,FDP
11005076,Ulrike,Harzer,FDP,FDP
11005078,Linda,Heitmann,BÜNDNIS 90/DIE GRÜNEN,Bündnis 90 / Die Grünen
11005083,Bernhard,Herrmann,BÜNDNIS 90/DIE GRÜNEN,Bündnis 90 / Die Grünen
11005084,Nadine,Heselhaus,SPD,SPD
11005091,Gerrit,Huy,AfD,AfD
11005092,Steffen,Janich,AfD,AfD
11005104,Misbah,Khan,BÜNDNIS 90/DIE GRÜNEN,Bündnis 90 / Die Grünen
11005105,Helmut,Kleebank,SPD,SPD
11005106,Ottilie,Klein,CDU,CDU/CSU
11005112,Simona,Koß,SPD,SPD
11005116,Martin,Kröber,SPD,SPD
11005123,Ina,Latendorf,DIE LINKE.,Die Linke
11005125,Jürgen,Lenders,FDP,FDP
11005128,Luiza,Licina-Bode,SPD,SPD
11005141,Kaweh,Mansoori,SPD,SPD
11005142,Zanda,Martens,SPD,SPD
11005150,Anikó,Merten,FDP,FDP
11005151,Robin,Mesarosch,SPD,SPD
11005154,Matthias David,Mieves,SPD,SPD
11005159,Maximilian,Mörseburg,CDU,CDU/CSU
11005161,Michael,Müller,SPD,SPD
11005163,Stefan,Nacke,CDU,CDU/CSU
11005164,Sara,Nanni,BÜNDNIS 90/DIE GRÜNEN,Bündnis 90 / Die Grünen
11005165,Rasha,Nasr,SPD,SPD
11005167,Ophelia,Nick,BÜNDNIS 90/DIE GRÜNEN,Bündnis 90 / Die Grünen
11005176,Mathias,Papendieck,SPD,SPD
11005182,Martin,Plum,CDU,CDU/CSU
11005184,Henning,Rehbaum,CDU,CDU/CSU
11005185,Markus,Reichel,CDU,CDU/CSU
11005197,Kassem Taher,Saleh,BÜNDNIS 90/DIE GRÜNEN,Bündnis 90 / Die Grünen
11005203,Bernd,Schattner,AfD,AfD
11005223,Rainer,Semet,FDP,FDP
11005224,Nyke,Slawik,BÜNDNIS 90/DIE GRÜNEN,Bündnis 90 / Die Grünen
11005228,Till,Steffen,BÜNDNIS 90/DIE GRÜNEN,Bündnis 90 / Die Grünen
11005231,Nadja,Sthamer,SPD,SPD
11005233,Diana,Stöcker,CDU,CDU/CSU
11005234,Konrad,Stockmeier,FDP,FDP
11005259,Tina,Winklmann,BÜNDNIS 90/DIE GRÜNEN,Bündnis 90 / Die Grünen
11005262,Herbert,Wollmann,SPD,SPD
11005265,Kay-Uwe,Ziegler,AfD,AfD
11005267,Armand,Zorn,SPD,SPD
11005289,Clara,Bünger,DIE LINKE.,Die Linke
11005014,Carolin,Bachmann,AfD,AfD
11005039,Sandra,Detzer,BÜNDNIS 90/DIE GRÜNEN,Bündnis 90 / Die Grünen
11005055,Emilia,Fester,BÜNDNIS 90/DIE GRÜNEN,Bündnis 90 / Die Grünen
11005065,Jan-Niclas,Gesenhues,BÜNDNIS 90/DIE GRÜNEN,Bündnis 90 / Die Grünen
11005068,Fabian,Gramling,CDU,CDU/CSU
11005143,Parsa,Marvi,SPD,SPD
11005146,Volker,Mayer-Lay,CDU,CDU/CSU
11005158,Maximilian,Mordhorst,FDP,FDP
11005168,Brian,Nickholz,SPD,SPD
11005177,Natalie,Pawlik,SPD,SPD
11005178,Jens,Peick,SPD,SPD
11005191,Sebastian,Roloff,SPD,SPD
11005201,Sebastian,Schäfer,BÜNDNIS 90/DIE GRÜNEN,Bündnis 90 / Die Grünen
11005206,Peggy,Schierenbeck,SPD,SPD
11005208,Christoph,Schmid,SPD,SPD
11005220,Stephan,Seiter,FDP,FDP
11005221,Lina,Seitzl,SPD,SPD
11005257,Klaus,Wiener,CDU,CDU/CSU
11005263,Mareike Lotte,Wulf,CDU,CDU/CSU
11005004,Stephanie,Aeffner,BÜNDNIS 90/DIE GRÜNEN,Bündnis 90 / Die Grünen
11005011,Andreas,Audretsch,BÜNDNIS 90/DIE GRÜNEN,Bündnis 90 / Die Grünen
11005016,Felix,Banaszak,BÜNDNIS 90/DIE GRÜNEN,Bündnis 90 / Die Grünen
11005032,Michael,Breilmann,CDU,CDU/CSU
11005037,Mario,Czaja,CDU,CDU/CSU
11005047,Leon,Eckert,BÜNDNIS 90/DIE GRÜNEN,Bündnis 90 / Die Grünen
11005090,Markus,Hümpfer,SPD,SPD
11005100,Michael,Kaufmann,AfD,AfD
11005118,Tilman,Kuban,CDU,CDU/CSU
11005140,Holger,Mann,SPD,SPD
11005160,Florian,Müller,CDU,CDU/CSU
11005181,Jan,Plobner,SPD,SPD
11005188,Ye-One,Rhie,SPD,SPD
11005215,Ria,Schröder,FDP,FDP
11005235,Christina,Stumpp,CDU,CDU/CSU
11005236,Ruppert,Stüwe,SPD,SPD
11005264,Joachim,Wundrak,AfD,AfD
11004294,Stefan,Heck,CDU,CDU/CSU
11005002,Knut,Abraham,CDU,CDU/CSU
11005021,Holger,Becker,SPD,SPD
11005024,Bengt,Bergt,SPD,SPD
11005028,Friedhelm,Boginski,FDP,FDP
11005038,Hakan,Demir,SPD,SPD
11005045,Deborah,Düring,BÜNDNIS 90/DIE GRÜNEN,Bündnis 90 / Die Grünen
11005050,Alexander,Engelhard,CSU,CDU/CSU
11005060,Tessa,Ganserer,BÜNDNIS 90/DIE GRÜNEN,Bündnis 90 / Die Grünen
11005115,Dunja,Kreiser,SPD,SPD
11005129,Thorsten,Lieb,FDP,FDP
11005131,Esra,Limbacher,SPD,SPD
11005134,Max,Lucks,BÜNDNIS 90/DIE GRÜNEN,Bündnis 90 / Die Grünen
11005155,Boris,Mijatovic,BÜNDNIS 90/DIE GRÜNEN,Bündnis 90 / Die Grünen
11005171,Moritz,Oppelt,CDU,CDU/CSU
11005172,Karoline,Otte,BÜNDNIS 90/DIE GRÜNEN,Bündnis 90 / Die Grünen
11005187,Anja,Reinalter,BÜNDNIS 90/DIE GRÜNEN,Bündnis 90 / Die Grünen
11005199,Ingo,Schäfer,SPD,SPD
11005218,Armin,Schwarz,CDU,CDU/CSU
11005227,Nina,Stahr,BÜNDNIS 90/DIE GRÜNEN,Bündnis 90 / Die Grünen
11005249,Maja,Wallstein,SPD,SPD
11005250,Hannes,Walter,SPD,SPD
11005260,Janine,Wissler,DIE LINKE.,Die Linke
11005268,Katrin,Zschau,SPD,SPD
11005299,Nils,Gründer,FDP,FDP
11005301,Alexander,Bartz,SPD,SPD
999990129,Daniel,Rinkert,,SPD
11002735,Friedrich,Merz,CDU,CDU/CSU
11005018,Christina,Baum,AfD,AfD
11005020,Roger,Beckamp,AfD,AfD
11005026,René,Bochmann,AfD,AfD
11005036,Isabel,Cademartori Dujisin,SPD,SPD
11005110,Anne,König,CDU,CDU/CSU
11005117,Michael,Kruse,FDP,FDP
11005119,Kevin,Kühnert,SPD,SPD
11005130,Anja,Liebert,BÜNDNIS 90/DIE GRÜNEN,Bündnis 90 / Die Grünen
11005135,Bettina,Lugk,SPD,SPD
11005149,Susanne,Menge,BÜNDNIS 90/DIE GRÜNEN,Bündnis 90 / Die Grünen
11005157,Matthias,Moosdorf,AfD,AfD
11005190,Lars,Rohwer,CDU,CDU/CSU
11005195,Tina,Rudolph,SPD,SPD
11005205,Christiane,Schenderlein,CDU,CDU/CSU
11005207,Timo,Schisanowski,SPD,SPD
11005214,Christina-Johanne,Schröder,BÜNDNIS 90/DIE GRÜNEN,Bündnis 90 / Die Grünen
11005230,Hanna,Steinmüller,BÜNDNIS 90/DIE GRÜNEN,Bündnis 90 / Die Grünen
11005237,Awet,Tesfaiesus,BÜNDNIS 90/DIE GRÜNEN,Bündnis 90 / Die Grünen
11005248,Johannes,Wagner,BÜNDNIS 90/DIE GRÜNEN,Bündnis 90 / Die Grünen
11005059,Schahina,Gambir,BÜNDNIS 90/DIE GRÜNEN,Bündnis 90 / Die Grünen
11005089,Verena,Hubertz,SPD,SPD
11005144,Franziska,Mascheck,SPD,SPD
11005180,Paula,Piechotta,BÜNDNIS 90/DIE GRÜNEN,Bündnis 90 / Die Grünen
11005192,Jessica,Rosenthal,SPD,SPD
11005245,Niklas,Wagener,BÜNDNIS 90/DIE GRÜNEN,Bündnis 90 / Die Grünen
11005247,Carolin,Wagner,SPD,SPD
11005001,Valentin,Abel,FDP,FDP
11005005,Adis,Ahmetovic,SPD,SPD
11005012,Maik,Außendorf,BÜNDNIS 90/DIE GRÜNEN,Bündnis 90 / Die Grünen
11005051,Heike,Engelhardt,SPD,SPD
11005080,Kathrin,Henneberger,BÜNDNIS 90/DIE GRÜNEN,Bündnis 90 / Die Grünen
11005108,Annika,Klose,SPD,SPD
11005111,Chantal,Kopf,BÜNDNIS 90/DIE GRÜNEN,Bündnis 90 / Die Grünen
11005113,Laura,Kraft,BÜNDNIS 90/DIE GRÜNEN,Bündnis 90 / Die Grünen
11005136,Kristine,Lütke,FDP,FDP
11005147,Andreas,Mehltretter,SPD,SPD
11005169,Jörg,Nürnberger,SPD,SPD
11005173,Julian,Pahlke,BÜNDNIS 90/DIE GRÜNEN,Bündnis 90 / Die Grünen
11005198,Catarina,dos Santos-Wintz,CDU,CDU/CSU
11005229,Ralf,Stegner,SPD,SPD
11005242,Katrin,Uhlig,BÜNDNIS 90/DIE GRÜNEN,Bündnis 90 / Die Grünen
11005254,Maria-Lena,Weiss,CDU,CDU/CSU
11005258,Tobias,Winkler,CSU,CDU/CSU
11005261,Mechthilde,Wittmann,CSU,CDU/CSU
11005266,Nicolas,Zippelius,CDU,CDU/CSU
11005302,Emily,Vontz,,SPD
11005305,Rainer,Rothfuß,AfD,AfD
11005003,Katja,Adler,FDP,FDP
11005007,Ali,Al-Dailami,DIE LINKE.,Die Linke
11005015,Daniel,Baldy,SPD,SPD
11005042,Thomas,Dietz,AfD,AfD
11005048,Ralph,Edelhäußer,CSU,CDU/CSU
11005063,Jonas,Geissler,CSU,CDU/CSU
11005066,Hannes,Gnauck,AfD,AfD
11005074,Robert,Habeck,BÜNDNIS 90/DIE GRÜNEN,
11005109,Tim,Klüssendorf,SPD,SPD
11005114,Philip,Krämer,BÜNDNIS 90/DIE GRÜNEN,Bündnis 90 / Die Grünen
11005133,Denise,Loop,BÜNDNIS 90/DIE GRÜNEN,Bündnis 90 / Die Grünen
11005186,Heidi,Reichinnek,DIE LINKE.,Die Linke
11005240,Anja,Troff-Schaffarzyk,SPD,SPD
11005306,Ana-Maria,Trasnea,SPD,SPD
11005044,Falko,Droßmann,SPD,SPD
11005061,Martin,Gassner-Herz,FDP,FDP
11005122,Andreas,Larem,SPD,SPD
11005139,Erik,von Malottki,SPD,SPD
11005145,Zoe,Mayer,BÜNDNIS 90/DIE GRÜNEN,Bündnis 90 / Die Grünen
11005193,Thomas,Röwekamp,CDU,CDU/CSU
11005209,Eugen,Schmidt,AfD,AfD
11005246,Robin,Wagener,BÜNDNIS 90/DIE GRÜNEN,Bündnis 90 / Die Grünen
11005019,Katharina,Beck,BÜNDNIS 90/DIE GRÜNEN,Bündnis 90 / Die Grünen
11005052,Martina,Englhardt-Kopf,CSU,CDU/CSU
11005067,Christian,Görke,DIE LINKE.,Die Linke
11005081,Anke,Hennig,SPD,SPD
11005082,Susanne,Hennig-Wellsow,DIE LINKE.,Die Linke
11005120,Sarah,Lahrkamp,SPD,SPD
11005152,Swantje Henrike,Michaelsen,BÜNDNIS 90/DIE GRÜNEN,Bündnis 90 / Die Grünen
11005222,Melis,Sekmen,BÜNDNIS 90/DIE GRÜNEN,Bündnis 90 / Die Grünen
11005232,Klaus,Stöber,AfD,AfD
11004959,Dorothee,Martin,SPD,SPD
11005006,Reem,Alabali-Radovan,SPD,
11005043,Felix,Döring,SPD,SPD
11005058,Maximilian,Funke-Kaiser,FDP,FDP
11005070,Armin,Grau,BÜNDNIS 90/DIE GRÜNEN,Bündnis 90 / Die Grünen
11005088,Jasmina,Hostert,SPD,SPD
11005098,Anna,Kassautzki,SPD,SPD
11005253,Saskia,Weishaupt,BÜNDNIS 90/DIE GRÜNEN,Bündnis 90 / Die Grünen
11005027,Ingo,Bodtke,FDP,FDP
11005097,Carlos,Kasper,SPD,SPD
11005138,Klaus,Mack,CDU,CDU/CSU
11005153,Kathrin,Michel,SPD,SPD
11005194,Thorsten,Rudolph,SPD,SPD
11005035,Yannick,Bury,CDU,CDU/CSU
11005046,Axel,Echeverria,SPD,SPD
11005056,Sebastian,Fiedler,SPD,SPD
11005137,Tanja,Machalet,SPD,SPD
11005216,Anja,Schulz,FDP,FDP
11005238,Jens,Teutrine,FDP,FDP
11005057,Fabian,Funke,SPD,SPD
11005077,Frauke,Heiligenstadt,SPD,SPD
11005086,Bruno,Hönel,BÜNDNIS 90/DIE GRÜNEN,Bündnis 90 / Die Grünen
11005213,Christian,Schreider,SPD,SPD
11005256,Lena,Werner,SPD,SPD
11005273,Claudia,Raffelhüschen,FDP,FDP
11005099,Malte,Kaufmann,AfD,AfD
11005162,Sascha,Müller,BÜNDNIS 90/DIE GRÜNEN,Bündnis 90 / Die Grünen
11005170,Lennard,Oehl,SPD,SPD
11005202,Rebecca,Schamber,SPD,SPD
11005252,Melanie,Wegling,SPD,SPD
11005212,Marlene,Schönberger,BÜNDNIS 90/DIE GRÜNEN,Bündnis 90 / Die Grünen
11005072,Serap,Güler,CDU,CDU/CSU
11005107,Kristian,Klinck,SPD,SPD
11005226,Merle,Spellerberg,BÜNDNIS 90/DIE GRÜNEN,Bündnis 90 / Die Grünen
11005174,Christos,Pantazis,SPD,SPD
11005000,Sanae,Abdi,SPD,SPD
11005029,Gereon,Bollmann,AfD,AfD
11005054,Ariane,Fäscher,SPD,SPD
11005087,Franziska,Hoppermann,CDU,CDU/CSU
11005175,Wiebke,Papenbrock,SPD,SPD
11005200,Jamila,Schäfer,BÜNDNIS 90/DIE GRÜNEN,Bündnis 90 / Die Grünen
11005204,Johannes,Schätzl,SPD,SPD
11003153,Klaus,Holetschek,CSU,
11005225,Anne Monika,Spallek,BÜNDNIS 90/DIE GRÜNEN,Bündnis 90 / Die Grünen
11005009,Dagmar,Andres,SPD,SPD
11005124,Kevin,Leiser,SPD,SPD
11005189,Frank,Rinck,AfD,AfD
11005069,Ingeborg,Gräßle,CDU,CDU/CSU
11005126,Barbara,Lenk,AfD,AfD
11005183,Volker,Redder,FDP,FDP
11005102,Michael,Kellner,BÜNDNIS 90/DIE GRÜNEN,
11005298,Michael,Sacher,BÜNDNIS 90/DIE GRÜNEN,Bündnis 90 / Die Grünen
11005017,Karl,Bär,BÜNDNIS 90/DIE GRÜNEN,Bündnis 90 / Die Grünen
11005148,Takis,Mehmet Ali,SPD,SPD
11005093,Anne,Janssen,CDU,CDU/CSU
11005308,Christian,Bartelt,FDP,FDP
11005071,Sabine,Grützmacher,BÜNDNIS 90/DIE GRÜNEN,Bündnis 90 / Die Grünen
11005085,Susanne,Hierl,CSU,CDU/CSU
11005156,Mike,Moncsek,AfD,AfD
11005210,Jan Wenzel,Schmidt,AfD,AfD
11005121,Ricarda,Lang,BÜNDNIS 90/DIE GRÜNEN,Bündnis 90 / Die Grünen
11003585,Anna,Lührmann,BÜNDNIS 90/DIE GRÜNEN,
11005101,Rainer Johannes,Keller,SPD,SPD
11005244,Oliver,Vogt,CDU,CDU/CSU
11005064,Knut,Gerschau,FDP,FDP
11004952,Reginald,Hanke,FDP,FDP
11005127,Christian,Leye,DIE LINKE.,Die Linke
11005166,Edgar,Naujok,AfD,AfD
11005312,Franziska,Krumwiede-Steiner,,Bündnis 90 / Die Grünen
11005311,Jürgen,Kretz,BÜNDNIS 90/DIE GRÜNEN,Bündnis 90 / Die Grünen
11005313,Angela,Hohmann,,SPD
11000975,Hubert,Hüppe,CDU,CDU/CSU
11005033,Marlon,Bröhr,CDU,CDU/CSU
11005310,Nadine,Ruf,SPD,SPD
11003243,Thomas,Strobl,CDU,
11005309,Tim,Wagner,FDP,FDP
11003824,Bodo,Ramelow,DIE LINKE.,
11005317,Julian,Grünke,,FDP
11005316,Fabian,Griewel,FDP,FDP
11004425,Astrid,Timmermann-Fechter,CDU,CDU/CSU
999990123,Clara,Bünger,,Die Linke
11005314,Heike,Heubach,SPD,SPD
11005239,Nico,Tippelt,FDP,FDP
11005179,Andreas,Philippi,SPD,SPD
11005243,Frank,Ullrich,SPD,SPD
999990130,Alexander,Bartz,,SPD
999990132,Emily,Vontz,,SPD
11005304,Dirk-UlrichAlexander,Mende Föhr,,SPDCDU/CSU
